https://github.com/astro-informatics/b3slep,10
https://github.com/astro-informatics/bianchi,10
https://github.com/astro-informatics/bianchi2,10
https://github.com/astro-informatics/casacore-1.7.0_patched,10
https://github.com/astro-informatics/comb,10
https://github.com/astro-informatics/course_mlbd_images,10
https://github.com/astro-informatics/DarkMappy,10
https://github.com/astro-informatics/fastcswt,10
https://github.com/astro-informatics/flag-archive,10
https://github.com/astro-informatics/flaglet-archive,10
https://github.com/astro-informatics/GLaSS,10
https://github.com/astro-informatics/harmonic,10
https://github.com/astro-informatics/LeIA,10
https://github.com/astro-informatics/lexci_models,10
https://github.com/astro-informatics/massmappy,10
https://github.com/astro-informatics/mcp-rag,10
https://github.com/astro-informatics/proxnest,10
https://github.com/astro-informatics/purify,10
https://github.com/astro-informatics/pyrap-1.1.0_patched,10
https://github.com/astro-informatics/QuantifAI,10
https://github.com/astro-informatics/RequiSim,10
https://github.com/astro-informatics/s2,10
https://github.com/astro-informatics/s2ball,10
https://github.com/astro-informatics/s2dw,10
https://github.com/astro-informatics/s2fft,10
https://github.com/astro-informatics/s2fil,10
https://github.com/astro-informatics/s2let-archive,10
https://github.com/astro-informatics/s2let,10
https://github.com/astro-informatics/s2scat,10
https://github.com/astro-informatics/s2wav,10
https://github.com/astro-informatics/sbi_tutorial,10
https://github.com/astro-informatics/sleplet,10
https://github.com/astro-informatics/so3,10
https://github.com/astro-informatics/sopt,10
https://github.com/astro-informatics/src_flag,10
https://github.com/astro-informatics/src_flaglet,10
https://github.com/astro-informatics/ssht,10
https://github.com/astro-informatics/stringgen,10
https://github.com/astro-informatics/uber3d,10
https://github.com/bempp/bempp-archer2,10
https://github.com/bempp/bempp-book,10
https://github.com/bempp/bempp-cl,10
https://github.com/bempp/bempp-legacy,10
https://github.com/bempp/bempp-rs-benchmarking,10
https://github.com/bempp/bempp-rs,10
https://github.com/bempp/bempp-website,10
https://github.com/bempp/c-api-tools,10
https://github.com/bempp/cheb,10
https://github.com/bempp/distributed_tools,10
https://github.com/bempp/green-kernels,10
https://github.com/bempp/kifmm,10
https://github.com/bempp/ndelement,10
https://github.com/bempp/ndgrid,10
https://github.com/bempp/octree,10
https://github.com/bempp/quadrature,10
https://github.com/bempp/rsrs,10
https://github.com/brainglobe/.github,10
https://github.com/brainglobe/atlas-forge,10
https://github.com/brainglobe/brainglobe-atlasapi,10
https://github.com/brainglobe/brainglobe-ccf-translator,10
https://github.com/brainglobe/brainglobe-heatmap,10
https://github.com/brainglobe/brainglobe-meta,10
https://github.com/brainglobe/brainglobe-napari-io,10
https://github.com/brainglobe/brainglobe-registration,10
https://github.com/brainglobe/brainglobe-segmentation,10
https://github.com/brainglobe/brainglobe-space,10
https://github.com/brainglobe/brainglobe-stitch,10
https://github.com/brainglobe/brainglobe-template-builder,10
https://github.com/brainglobe/brainglobe-utils,10
https://github.com/brainglobe/brainglobe-workflows,10
https://github.com/brainglobe/BrainGlobe,10
https://github.com/brainglobe/brainglobe.github.io,10
https://github.com/brainglobe/brainreg,10
https://github.com/brainglobe/brainrender-napari,10
https://github.com/brainglobe/brainrender,10
https://github.com/brainglobe/cellfinder,10
https://github.com/brainglobe/morphapi,10
https://github.com/brainglobe/napari-experimental,10
https://github.com/brainglobe/slides-AI2-austria-2025,10
https://github.com/brainglobe/slides-IrvHelgaCooperPrize-2025,10
https://github.com/brainglobe/slides-neuropixels-aligning-spikes-histology,10
https://github.com/chooseadb/chooseadb.github.io,10
https://github.com/chooseadb/Data-Modeling-Course,10
https://github.com/chooseadb/talks,10
https://github.com/destiny-evidence/destiny-repository,10
https://github.com/destiny-evidence/pf-evaluation,10
https://github.com/destiny-evidence/Relevance-Checker,10
https://github.com/destiny-evidence/stopping-methods,10
https://github.com/destiny-evidence/toy-robot,10
https://github.com/destiny-evidence/website,10
https://github.com/epitools/epitools-icy,10
https://github.com/epitools/epitools-matlab,10
https://github.com/epitools/epitools-misc,10
https://github.com/epitools/epitools-samples,10
https://github.com/epitools/epitools,10
https://github.com/epitools/epitools.github.io,10
https://github.com/epitools/manual_tracking,10
https://github.com/epitools/module_projection,10
https://github.com/epitools/module_segmentation,10
https://github.com/epitools/wiki,10
https://github.com/floswald/ucl-econ-julia,10
https://github.com/gatsbyml/gatsbyml.github.io,10
https://github.com/GatsbyUnit/gcnu-bridging-2023,10
https://github.com/glass-dev/discussions,10
https://github.com/glass-dev/glass-pyccl,10
https://github.com/glass-dev/glass,10
https://github.com/glass-dev/glass.ext.camb,10
https://github.com/glass-dev/glass.ext.pkdgrav,10
https://github.com/glass-dev/glass.ext.template,10
https://github.com/glass-dev/rng-jax,10
https://github.com/glass-dev/transformcl,10
https://github.com/heracles-ec/heracles,10
https://github.com/HiPCTProject/.github,10
https://github.com/HiPCTProject/contrast-lims,10
https://github.com/HiPCTProject/data-speeds,10
https://github.com/HiPCTProject/downsample-jp2s,10
https://github.com/HiPCTProject/hipct-reg,10
https://github.com/HiPCTProject/Kaggle_skeleton_analyses,10
https://github.com/HiPCTProject/organ-masker,10
https://github.com/HiPCTProject/rebin,10
https://github.com/HiPCTProject/Skeleton_analysis,10
https://github.com/HiPCTProject/stack-to-chunk,10
https://github.com/HiPCTProject/upsample-zarr,10
https://github.com/HumanOrganAtlas/.github,10
https://github.com/HumanOrganAtlas/hoa-paper-stats,10
https://github.com/HumanOrganAtlas/hoa-tools,10
https://github.com/HumanOrganAtlas/logos,10
https://github.com/HumanOrganAtlas/metadata-schemas,10
https://github.com/inform-health-informatics/audits,10
https://github.com/inform-health-informatics/clinical-wiki,10
https://github.com/inform-health-informatics/coru4cast,10
https://github.com/inform-health-informatics/emap_documentation,10
https://github.com/inform-health-informatics/emap-actions,10
https://github.com/inform-health-informatics/emap-helper,10
https://github.com/inform-health-informatics/emap-project,10
https://github.com/inform-health-informatics/FlowMart,10
https://github.com/inform-health-informatics/forecastcc,10
https://github.com/inform-health-informatics/helloUCLH,10
https://github.com/inform-health-informatics/liquibase-hibernate-fk-on-delete,10
https://github.com/inform-health-informatics/omop-uclh,10
https://github.com/inform-health-informatics/try-emap,10
https://github.com/inform-health-informatics/xls-muncher-clean,10
https://github.com/linalg-rs/rlst-metal,10
https://github.com/linalg-rs/rlst-suitesparse,10
https://github.com/linalg-rs/rlst,10
https://github.com/linalg-rs/sandbox,10
https://github.com/lowe-lab-ucl/arboretum,10
https://github.com/lowe-lab-ucl/btrack-examples,10
https://github.com/lowe-lab-ucl/btrack-hyperparams,10
https://github.com/lowe-lab-ucl/cell-cycle-scivision,10
https://github.com/lowe-lab-ucl/CELL0027,10
https://github.com/lowe-lab-ucl/cellx-predict-scivision,10
https://github.com/lowe-lab-ucl/cellx-predict,10
https://github.com/lowe-lab-ucl/cnn-annotator,10
https://github.com/lowe-lab-ucl/ctc-tools,10
https://github.com/lowe-lab-ucl/napari-trackmate-reader,10
https://github.com/lowe-lab-ucl/octopuslite-reader,10
https://github.com/lowe-lab-ucl/protocols,10
https://github.com/lowe-lab-ucl/segment-classify-track,10
https://github.com/lowe-lab-ucl/simple-unet,10
https://github.com/lowe-lab-ucl/trajectoryflow,10
https://github.com/lowe-lab-ucl/unet_segmentation_metrics,10
https://github.com/MScEcologyAndDataScienceUCL/.github,10
https://github.com/MScEcologyAndDataScienceUCL/binder-env,10
https://github.com/MScEcologyAndDataScienceUCL/BIOS0032_AI4Environment,10
https://github.com/MSSLSolar/Solar-Physics-School-Resources,10
https://github.com/MSSLSolar/solarnet-4,10
https://github.com/MSSLSolar/SPCE0011_Examples,10
https://github.com/MSSLSolar/SPPE,10
https://github.com/neuroinformatics-unit/.github,10
https://github.com/neuroinformatics-unit/actions,10
https://github.com/neuroinformatics-unit/course-animals-in-motion,10
https://github.com/neuroinformatics-unit/course-behaviour-hpc,10
https://github.com/neuroinformatics-unit/course-data-management-neuroblueprint,10
https://github.com/neuroinformatics-unit/course-extracellular-ephys-analysis,10
https://github.com/neuroinformatics-unit/course-intro-python,10
https://github.com/neuroinformatics-unit/course-software-good-practice,10
https://github.com/neuroinformatics-unit/datashuttle,10
https://github.com/neuroinformatics-unit/DataSquash,10
https://github.com/neuroinformatics-unit/derotation,10
https://github.com/neuroinformatics-unit/ethology,10
https://github.com/neuroinformatics-unit/fancylog,10
https://github.com/neuroinformatics-unit/gsoc,10
https://github.com/neuroinformatics-unit/HowTo,10
https://github.com/neuroinformatics-unit/In2Research-2024,10
https://github.com/neuroinformatics-unit/movement,10
https://github.com/neuroinformatics-unit/NeuroBlueprint,10
https://github.com/neuroinformatics-unit/neuroinformatics-unit.github.io,10
https://github.com/neuroinformatics-unit/photon-mosaic,10
https://github.com/neuroinformatics-unit/probe-anatomy-alignment,10
https://github.com/neuroinformatics-unit/python-cookiecutter,10
https://github.com/neuroinformatics-unit/qt-niu,10
https://github.com/neuroinformatics-unit/quarto-presentation-template,10
https://github.com/neuroinformatics-unit/runningmouse,10
https://github.com/neuroinformatics-unit/scripts,10
https://github.com/neuroinformatics-unit/slides-behavioural-projects-overview,10
https://github.com/neuroinformatics-unit/slides-big-imaging-data-osw25,10
https://github.com/neuroinformatics-unit/slides-demo-cellfinder-multiprocessing,10
https://github.com/neuroinformatics-unit/slides-histology-project-overview,10
https://github.com/neuroinformatics-unit/slides-qbatch-template-building,10
https://github.com/neuroinformatics-unit/slides-templates-atlases,10
https://github.com/neuroinformatics-unit/slides-ui-ux,10
https://github.com/neuroinformatics-unit/slurmio,10
https://github.com/neuroinformatics-unit/smart-kages-movement,10
https://github.com/neuroinformatics-unit/software-practice-template,10
https://github.com/neuroinformatics-unit/software-skills,10
https://github.com/neuroinformatics-unit/sphinx-deployment-test,10
https://github.com/neuroinformatics-unit/spikewrap,10
https://github.com/neuroinformatics-unit/students-exercises,10
https://github.com/neuroinformatics-unit/swc-slack,10
https://github.com/neuroinformatics-unit/zebras-stitching,10
https://github.com/NifTK/apriltags,10
https://github.com/NifTK/KWStyle,10
https://github.com/NifTK/LegoIGTWorkshop,10
https://github.com/NifTK/NifTK,10
https://github.com/NifTK/NiftyLink,10
https://github.com/NifTK/NiftyNet_Website,10
https://github.com/NifTK/XNAT,10
https://github.com/oracc/nammu,10
https://github.com/oracc/nisaba,10
https://github.com/oracc/pyoracc,10
https://github.com/philwilkes/rxp-pipeline,10
https://github.com/profLewis/GEOG0027,10
https://github.com/psipred/2017-10-12-crick_institute,10
https://github.com/psipred/ansible_rocky,10
https://github.com/psipred/biod3,10
https://github.com/psipred/bioserf,10
https://github.com/psipred/blast_cache,10
https://github.com/psipred/cgdms,10
https://github.com/psipred/DeepCov,10
https://github.com/psipred/DeepMetaPSICOV,10
https://github.com/psipred/disopred,10
https://github.com/psipred/DMPfold,10
https://github.com/psipred/DMPfold2,10
https://github.com/psipred/DMPmetal,10
https://github.com/psipred/domain_word2vec_scripts,10
https://github.com/psipred/dompred,10
https://github.com/psipred/eigenthreader,10
https://github.com/psipred/FFPred,10
https://github.com/psipred/FFPredGAN,10
https://github.com/psipred/fragfold_idp,10
https://github.com/psipred/fragfold,10
https://github.com/psipred/GsRCL,10
https://github.com/psipred/hspred,10
https://github.com/psipred/MemEmbed,10
https://github.com/psipred/mempack,10
https://github.com/psipred/memsat-svm-pore,10
https://github.com/psipred/MemSatSVM,10
https://github.com/psipred/merizo_search,10
https://github.com/psipred/Merizo,10
https://github.com/psipred/metapsicov,10
https://github.com/psipred/metsite,10
https://github.com/psipred/p53_docking,10
https://github.com/psipred/PFP,10
https://github.com/psipred/pGenTHREADER,10
https://github.com/psipred/profile_drift_new,10
https://github.com/psipred/protein-vae,10
https://github.com/psipred/psicov,10
https://github.com/psipred/psipred_branding,10
https://github.com/psipred/psipred_react,10
https://github.com/psipred/psipred,10
https://github.com/psipred/s4pred,10
https://github.com/psipred/server_update,10
https://github.com/psipred/simple_modeller,10
https://github.com/psipred/STRING2GO,10
https://github.com/psipred/SummerProjects,10
https://github.com/psipred/ted-tools,10
https://github.com/psipred/web_server_scripts,10
https://github.com/psipred/webserver_test_dbs,10
https://github.com/SAFEHR-data/.github,10
https://github.com/SAFEHR-data/arfn_hic_pbmpc_analysis,10
https://github.com/SAFEHR-data/Azure-Bootstrap,10
https://github.com/SAFEHR-data/AzureTRE-Notebooks,10
https://github.com/SAFEHR-data/Dash-Seedling,10
https://github.com/SAFEHR-data/Data-Access-Request-Seedling,10
https://github.com/SAFEHR-data/Data-Seedling,10
https://github.com/SAFEHR-data/doc-demo,10
https://github.com/SAFEHR-data/drugsatc,10
https://github.com/SAFEHR-data/emap,10
https://github.com/SAFEHR-data/FlowEHR-Data-Pot,10
https://github.com/SAFEHR-data/FlowEHR,10
https://github.com/SAFEHR-data/flowehr.io,10
https://github.com/SAFEHR-data/Garden-Path,10
https://github.com/SAFEHR-data/hic_pbmpc_analysis,10
https://github.com/SAFEHR-data/Model-Seedling,10
https://github.com/SAFEHR-data/omop-bundles,10
https://github.com/SAFEHR-data/omop-carpentries,10
https://github.com/SAFEHR-data/omop-vocabs-processed,10
https://github.com/SAFEHR-data/omopcat,10
https://github.com/SAFEHR-data/omopcept,10
https://github.com/SAFEHR-data/PIXL-DSH-ACCESS,10
https://github.com/SAFEHR-data/PIXL,10
https://github.com/SAFEHR-data/Powershell-Scripts,10
https://github.com/SAFEHR-data/pyonb,10
https://github.com/SAFEHR-data/React-FastAPI-AAD-Seedling,10
https://github.com/SAFEHR-data/safehr-data,10
https://github.com/SAFEHR-data/Satellite,10
https://github.com/SAFEHR-data/starter-guide,10
https://github.com/SAFEHR-data/uclh-research-discovery,10
https://github.com/SAFEHR-data/uclh-synthetic-data,10
https://github.com/SainsburyWellcomeCentre/ads131m04_rpi,10
https://github.com/SainsburyWellcomeCentre/aeon_acquisition,10
https://github.com/SainsburyWellcomeCentre/aeon_api,10
https://github.com/SainsburyWellcomeCentre/aeon_blog,10
https://github.com/SainsburyWellcomeCentre/aeon_docs,10
https://github.com/SainsburyWellcomeCentre/aeon_exp_state_machine,10
https://github.com/SainsburyWellcomeCentre/aeon_experiments,10
https://github.com/SainsburyWellcomeCentre/aeon_feeder_fix,10
https://github.com/SainsburyWellcomeCentre/aeon_feeder_v2,10
https://github.com/SainsburyWellcomeCentre/aeon_feeder,10
https://github.com/SainsburyWellcomeCentre/aeon_habitat,10
https://github.com/SainsburyWellcomeCentre/aeon_lineardrive,10
https://github.com/SainsburyWellcomeCentre/aeon_mecha,10
https://github.com/SainsburyWellcomeCentre/aeon_schema,10
https://github.com/SainsburyWellcomeCentre/aeon_scratchpad,10
https://github.com/SainsburyWellcomeCentre/aeon_sleap_processing,10
https://github.com/SainsburyWellcomeCentre/aeon_template,10
https://github.com/SainsburyWellcomeCentre/AllenBrainAPI,10
https://github.com/SainsburyWellcomeCentre/aMAP_validation,10
https://github.com/SainsburyWellcomeCentre/ara_tools,10
https://github.com/SainsburyWellcomeCentre/arduino_code_club,10
https://github.com/SainsburyWellcomeCentre/autofinder,10
https://github.com/SainsburyWellcomeCentre/crabs-exploration,10
https://github.com/SainsburyWellcomeCentre/fab-pcb-lib,10
https://github.com/SainsburyWellcomeCentre/FabLab_laser_sign,10
https://github.com/SainsburyWellcomeCentre/fablab,10
https://github.com/SainsburyWellcomeCentre/FNT_behavior_analysis,10
https://github.com/SainsburyWellcomeCentre/FNT_probe_localization,10
https://github.com/SainsburyWellcomeCentre/FNT_timestamp_alignment,10
https://github.com/SainsburyWellcomeCentre/graphic_resources,10
https://github.com/SainsburyWellcomeCentre/hypnose-analysis,10
https://github.com/SainsburyWellcomeCentre/hypnose,10
https://github.com/SainsburyWellcomeCentre/lasagna,10
https://github.com/SainsburyWellcomeCentre/lenzietal2022_lse_figures,10
https://github.com/SainsburyWellcomeCentre/looming_spots,10
https://github.com/SainsburyWellcomeCentre/masiv,10
https://github.com/SainsburyWellcomeCentre/microharp,10
https://github.com/SainsburyWellcomeCentre/monitor_blanking,10
https://github.com/SainsburyWellcomeCentre/NeuralPlayground,10
https://github.com/SainsburyWellcomeCentre/neuriteTracer,10
https://github.com/SainsburyWellcomeCentre/neuroPico,10
https://github.com/SainsburyWellcomeCentre/pcb_thermistor_amplifier,10
https://github.com/SainsburyWellcomeCentre/PhieldsExperiments,10
https://github.com/SainsburyWellcomeCentre/pmt_controller,10
https://github.com/SainsburyWellcomeCentre/Pyper,10
https://github.com/SainsburyWellcomeCentre/rc2_analysis_videos,10
https://github.com/SainsburyWellcomeCentre/rc2_analysis,10
https://github.com/SainsburyWellcomeCentre/rc2_figures,10
https://github.com/SainsburyWellcomeCentre/rc2_matlab,10
https://github.com/SainsburyWellcomeCentre/rc2_visual_stimuli,10
https://github.com/SainsburyWellcomeCentre/rc2_vr,10
https://github.com/SainsburyWellcomeCentre/RCWG,10
https://github.com/SainsburyWellcomeCentre/sequences_behaviour,10
https://github.com/SainsburyWellcomeCentre/sequences_histology,10
https://github.com/SainsburyWellcomeCentre/sequences_neuropixel_preprocess,10
https://github.com/SainsburyWellcomeCentre/sequences_run_PPseq,10
https://github.com/SainsburyWellcomeCentre/sjbpod,10
https://github.com/SainsburyWellcomeCentre/SJLab_APE_paper,10
https://github.com/SainsburyWellcomeCentre/socket-feeder,10
https://github.com/SainsburyWellcomeCentre/spikeGUI,10
https://github.com/SainsburyWellcomeCentre/swc-computing,10
https://github.com/SainsburyWellcomeCentre/WAZP,10
https://github.com/SciKit-Surgery/.github,10
https://github.com/SciKit-Surgery/ArUcoPatternMaker,10
https://github.com/SciKit-Surgery/bard-data,10
https://github.com/SciKit-Surgery/Blood-Vessel-Game,10
https://github.com/SciKit-Surgery/browser_ar,10
https://github.com/SciKit-Surgery/cmicHACKS2,10
https://github.com/SciKit-Surgery/cut-the-string,10
https://github.com/SciKit-Surgery/glenoidplanefitting,10
https://github.com/SciKit-Surgery/imshowTk,10
https://github.com/SciKit-Surgery/luminance_study,10
https://github.com/SciKit-Surgery/PythonTemplate,10
https://github.com/SciKit-Surgery/rsecon23-workshop41,10
https://github.com/SciKit-Surgery/scikit-surgery-evaluation,10
https://github.com/SciKit-Surgery/scikit-surgery-rse2021-poster,10
https://github.com/SciKit-Surgery/scikit-surgery-stats,10
https://github.com/SciKit-Surgery/scikit-surgery,10
https://github.com/SciKit-Surgery/scikit-surgeryarucotracker,10
https://github.com/SciKit-Surgery/SciKit-SurgeryAudio,10
https://github.com/SciKit-Surgery/scikit-surgerybard,10
https://github.com/SciKit-Surgery/scikit-surgerybk,10
https://github.com/SciKit-Surgery/scikit-surgerycalibration,10
https://github.com/SciKit-Surgery/scikit-surgerycore,10
https://github.com/SciKit-Surgery/scikit-surgeryfred-paper,10
https://github.com/SciKit-Surgery/scikit-surgeryfred,10
https://github.com/SciKit-Surgery/scikit-surgeryfredmatplotlib,10
https://github.com/SciKit-Surgery/scikit-surgeryglenoid-paper,10
https://github.com/SciKit-Surgery/scikit-surgeryimage,10
https://github.com/SciKit-Surgery/scikit-surgerynditracker,10
https://github.com/SciKit-Surgery/scikit-surgeryopencvcpp,10
https://github.com/SciKit-Surgery/SciKit-SurgeryParallax,10
https://github.com/SciKit-Surgery/scikit-surgeryspeech,10
https://github.com/SciKit-Surgery/scikit-surgerytf,10
https://github.com/SciKit-Surgery/scikit-surgerytorch,10
https://github.com/SciKit-Surgery/scikit-surgerytrackervisualisation,10
https://github.com/SciKit-Surgery/scikit-surgerytutorial01,10
https://github.com/SciKit-Surgery/scikit-surgerytutorial02,10
https://github.com/SciKit-Surgery/scikit-surgeryutils,10
https://github.com/SciKit-Surgery/scikit-surgeryvtk,10
https://github.com/SciKit-Surgery/snappysonic,10
https://github.com/SciKit-Surgery/sustainable-pkg-stats,10
https://github.com/SciKit-Surgery/TrackingCollar,10
https://github.com/SciKit-Surgery/were-hiring,10
https://github.com/SciKit-Surgery/what-is-it,10
https://github.com/sense-base/.github,10
https://github.com/sense-base/base,10
https://github.com/sense-base/boost_1_58_0,10
https://github.com/sense-base/sense_acquisition_gtech,10
https://github.com/sense-base/sense_bridge,10
https://github.com/sense-base/sense_eeg_cpp,10
https://github.com/sense-base/sense_eeg,10
https://github.com/sense-base/sense_msgs,10
https://github.com/sense-base/sense_pose,10
https://github.com/sense-base/sense_template,10
https://github.com/SilverLabUCL/20200611-Ankur-dataclub,10
https://github.com/SilverLabUCL/AOL_API,10
https://github.com/SilverLabUCL/Christmass-Party-Quiz-Game,10
https://github.com/SilverLabUCL/D3D_eLife,10
https://github.com/SilverLabUCL/D3D,10
https://github.com/SilverLabUCL/Data-Analysis-Chiara,10
https://github.com/SilverLabUCL/MatSilverLabNWB,10
https://github.com/SilverLabUCL/MF-GC-network-backprop-data,10
https://github.com/SilverLabUCL/MF-GC-network-backprop-public,10
https://github.com/SilverLabUCL/MossyFibres,10
https://github.com/SilverLabUCL/NeuroMatic,10
https://github.com/SilverLabUCL/OSBB,10
https://github.com/SilverLabUCL/ParallelFibres,10
https://github.com/SilverLabUCL/pyNeuroMatic,10
https://github.com/SilverLabUCL/PySilverLabNWB,10
https://github.com/SilverLabUCL/ray-model-and-scripts-for-Valera-Neufeldt-et-al,10
https://github.com/SilverLabUCL/RewardConditioning,10
https://github.com/SilverLabUCL/SilverLab_NWBv1,10
https://github.com/SilverLabUCL/silverlab-aol-microscope-controller,10
https://github.com/SilverLabUCL/SilverLab-Microscope-Software,10
https://github.com/SilverLabUCL/SilverLab-Microscope,10
https://github.com/SilverLabUCL/SilverLabDataOSBTest,10
https://github.com/SilverLabUCL/SilverLabDotOrg,10
https://github.com/SilverLabUCL/simplethesis,10
https://github.com/SilverLabUCL/Visual-Stimuli,10
https://github.com/Team-RADDISH/ParticleDA-UseCases,10
https://github.com/Team-RADDISH/ParticleDA.jl,10
https://github.com/tls-tools-ucl/.github,10
https://github.com/tls-tools-ucl/branch-extraction,10
https://github.com/tls-tools-ucl/optqsm,10
https://github.com/tls-tools-ucl/qrdar,10
https://github.com/tls-tools-ucl/rxp-pipeline,10
https://github.com/tls-tools-ucl/TLS2trees,10
https://github.com/tls-tools-ucl/TLSeparation,10
https://github.com/tls-tools-ucl/treeseg,10
https://github.com/tls-tools-ucl/utilities,10
https://github.com/UCL-ARC/.github,10
https://github.com/UCL-ARC/2022-07-26-UCL-HPC-online,10
https://github.com/UCL-ARC/2023-06-UCL-HPC-online,10
https://github.com/UCL-ARC/2024-02-UCL-HPC-onsite,10
https://github.com/UCL-ARC/2024-07-24-UCL-SWC,10
https://github.com/UCL-ARC/2024-11-27-hpcc-online,10
https://github.com/UCL-ARC/2025-05-27-UCL-SWC,10
https://github.com/UCL-ARC/2025-07-16-debugging-workhop,10
https://github.com/UCL-ARC/2025-07-30-ucl-online,10
https://github.com/UCL-ARC/2025-09-22-UCL-mol-cell-bio,10
https://github.com/UCL-ARC/2025-09-25-UCL,10
https://github.com/UCL-ARC/2025-11-05-ucl-online,10
https://github.com/UCL-ARC/AI-for-good,10
https://github.com/UCL-ARC/assets-and-templates,10
https://github.com/UCL-ARC/aws-ec2-example,10
https://github.com/UCL-ARC/carpentries-quarto,10
https://github.com/UCL-ARC/ccmi-cdt.org,10
https://github.com/UCL-ARC/cjgl_mpi4py_test,10
https://github.com/UCL-ARC/cloudlabs,10
https://github.com/UCL-ARC/condenser-mkdocs,10
https://github.com/UCL-ARC/containers-at-arc,10
https://github.com/UCL-ARC/CragPolicyExceptionCmd,10
https://github.com/UCL-ARC/csml-reading-group,10
https://github.com/UCL-ARC/data-stewards-coding-group,10
https://github.com/UCL-ARC/dirac-swift-api,10
https://github.com/UCL-ARC/django-react-cookiecutter,10
https://github.com/UCL-ARC/doc-chat,10
https://github.com/UCL-ARC/encrypt_folders,10
https://github.com/UCL-ARC/engineering-for-datascience,10
https://github.com/UCL-ARC/Enigma-PD-WML,10
https://github.com/UCL-ARC/fortran-tooling,10
https://github.com/UCL-ARC/fortran-unit-testing-exercises,10
https://github.com/UCL-ARC/fortran-unit-testing-lesson,10
https://github.com/UCL-ARC/functional-programming-for-rses,10
https://github.com/UCL-ARC/game_engines_for_research,10
https://github.com/UCL-ARC/getcwd-autoretry-preload,10
https://github.com/UCL-ARC/go-clustertools,10
https://github.com/UCL-ARC/good-first-issue-hackathons,10
https://github.com/UCL-ARC/graffinity-cdi-llm-api,10
https://github.com/UCL-ARC/graphcore-pytorch-cifar-conversion-example,10
https://github.com/UCL-ARC/householder,10
https://github.com/UCL-ARC/HPC-Acceptance-Tests,10
https://github.com/UCL-ARC/hpc-modulefiles,10
https://github.com/UCL-ARC/hpc-spack,10
https://github.com/UCL-ARC/hpc-support,10
https://github.com/UCL-ARC/hpcc-06-09,10
https://github.com/UCL-ARC/in2research_journeys,10
https://github.com/UCL-ARC/indigo_django,10
https://github.com/UCL-ARC/indigo-jekyll,10
https://github.com/UCL-ARC/julia-hpc-2024,10
https://github.com/UCL-ARC/julia-re-novice,10
https://github.com/UCL-ARC/julia-workshop,10
https://github.com/UCL-ARC/kairos-almalinux,10
https://github.com/UCL-ARC/langxtract,10
https://github.com/UCL-ARC/mkdocs-dsh-docs,10
https://github.com/UCL-ARC/mkdocs-rc-docs,10
https://github.com/UCL-ARC/museum_of_dreams,10
https://github.com/UCL-ARC/Mutein,10
https://github.com/UCL-ARC/MuteinFold,10
https://github.com/UCL-ARC/myriad-python-analysis-example,10
https://github.com/UCL-ARC/narrating-fair,10
https://github.com/UCL-ARC/ocost,10
https://github.com/UCL-ARC/ood-jc-script-templates,10
https://github.com/UCL-ARC/ood-jupyter,10
https://github.com/UCL-ARC/ood-pluto,10
https://github.com/UCL-ARC/ood-rstudio-app,10
https://github.com/UCL-ARC/ood-sifs,10
https://github.com/UCL-ARC/ovirt-terraform-vm-disk,10
https://github.com/UCL-ARC/ovirt-terraform-vm,10
https://github.com/UCL-ARC/pi_examples,10
https://github.com/UCL-ARC/puppet-submitty,10
https://github.com/UCL-ARC/python-novice-gdp-penguins,10
https://github.com/UCL-ARC/python-tooling-presentations,10
https://github.com/UCL-ARC/python-tooling,10
https://github.com/UCL-ARC/qw,10
https://github.com/UCL-ARC/rc-ood-pilot,10
https://github.com/UCL-ARC/rcps-buildscripts,10
https://github.com/UCL-ARC/rcps-cluster-scripts,10
https://github.com/UCL-ARC/rcps-modulefiles,10
https://github.com/UCL-ARC/research-software-practices,10
https://github.com/UCL-ARC/rred-reports,10
https://github.com/UCL-ARC/rsd-summerschool,10
https://github.com/UCL-ARC/seismogen,10
https://github.com/UCL-ARC/shortlister,10
https://github.com/UCL-ARC/social-contagion-of-violence,10
https://github.com/UCL-ARC/Submitty-ARC-Guide,10
https://github.com/UCL-ARC/swc-jupyter-lite,10
https://github.com/UCL-ARC/swc-shell-split-window,10
https://github.com/UCL-ARC/synthetic-paper-generator,10
https://github.com/UCL-ARC/teaching-tooling,10
https://github.com/UCL-ARC/terraform-aws-appstream-builder,10
https://github.com/UCL-ARC/terraform-aws-batch-processing,10
https://github.com/UCL-ARC/terraform-cloudflare-arc-dns,10
https://github.com/UCL-ARC/terraform-gha-runners-k8s,10
https://github.com/UCL-ARC/terraform-harvester-mkdocs-site,10
https://github.com/UCL-ARC/terraform-harvester-modules,10
https://github.com/UCL-ARC/terraform-harvester-vm-demo,10
https://github.com/UCL-ARC/terraform-template,10
https://github.com/UCL-ARC/transforming-research-communities,10
https://github.com/UCL-ARC/ucl-arc.github.io,10
https://github.com/UCL-ARC/UsefulModuleFunctions,10
https://github.com/UCL-ARC/yaap-edna,10
https://github.com/ucl-bug/helmnet,10
https://github.com/ucl-bug/jaxdf,10
https://github.com/ucl-bug/jwave-data,10
https://github.com/ucl-bug/jwave,10
https://github.com/ucl-bug/k-plan-matlab-tools,10
https://github.com/ucl-bug/k-wave,10
https://github.com/ucl-bug/lbs,10
https://github.com/ucl-bug/linear-uncertainty,10
https://github.com/ucl-bug/matlab-dtts,10
https://github.com/ucl-bug/matlab-helmholtz-solver,10
https://github.com/ucl-bug/petra-to-ct,10
https://github.com/ucl-bug/tpo-control-toolbox,10
https://github.com/ucl-bug/transcranial-ultrasound-benchmarks,10
https://github.com/ucl-bug/transcranial-ultrasound-planning,10
https://github.com/ucl-bug/ust-sart,10
https://github.com/ucl-casa-ce/AFrame_AR_Multimarkers,10
https://github.com/ucl-casa-ce/ArduCam,10
https://github.com/ucl-casa-ce/ARGH,10
https://github.com/ucl-casa-ce/artes,10
https://github.com/ucl-casa-ce/casa0014,10
https://github.com/ucl-casa-ce/casa0015-mobile-assessment,10
https://github.com/ucl-casa-ce/casa0017-server,10
https://github.com/ucl-casa-ce/casa0017-web-assessment,10
https://github.com/ucl-casa-ce/CASA0017-WebStack-BoilerPlate,10
https://github.com/ucl-casa-ce/casa0022,10
https://github.com/ucl-casa-ce/claat-snippets-atom,10
https://github.com/ucl-casa-ce/claat-snippets-sublime,10
https://github.com/ucl-casa-ce/claat-snippets-vscode,10
https://github.com/ucl-casa-ce/dabo,10
https://github.com/ucl-casa-ce/Galactic-Unicorn-MQTT-Scroller,10
https://github.com/ucl-casa-ce/hercules-web,10
https://github.com/ucl-casa-ce/mobile-device-wall,10
https://github.com/ucl-casa-ce/netzerohealth,10
https://github.com/ucl-casa-ce/nispae,10
https://github.com/ucl-casa-ce/Open-Gauges,10
https://github.com/ucl-casa-ce/OpenAI_WeatherImage,10
https://github.com/ucl-casa-ce/OpenMV2RaspPi,10
https://github.com/ucl-casa-ce/pi-cloud,10
https://github.com/ucl-casa-ce/pi-face-detector,10
https://github.com/ucl-casa-ce/prlug-water-temp,10
https://github.com/ucl-casa-ce/pytorch-mobile-ios,10
https://github.com/ucl-casa-ce/pytorch-transfer-learning,10
https://github.com/ucl-casa-ce/SCD-41-CO2-monitor,10
https://github.com/ucl-casa-ce/Stellar-Unicorn-MQTT-Scroller,10
https://github.com/ucl-casa-ce/ttn2mysqlpi,10
https://github.com/ucl-casa-ce/TTNUnoWorkshop,10
https://github.com/ucl-casa-ce/ucl-seats-qrcode-viewer,10
https://github.com/ucl-casa-ce/unity-webgl-mqtt,10
https://github.com/ucl-casa-ce/unravelling,10
https://github.com/ucl-casa-ce/WindDirGauge,10
https://github.com/UCL-EO/cylog,10
https://github.com/UCL-EO/gdal-install,10
https://github.com/UCL-EO/geog0111,10
https://github.com/UCL-EO/geog0133-practicals,10
https://github.com/UCL-EO/geog0133,10
https://github.com/UCL-EO/getModisEE,10
https://github.com/UCL-EO/Ghana_field_images,10
https://github.com/UCL-EO/gurl,10
https://github.com/UCL-EO/gurlpath,10
https://github.com/UCL-EO/leaf,10
https://github.com/UCL-EO/librat,10
https://github.com/UCL-EO/listfile,10
https://github.com/UCL-EO/QA4ECV_ATBD,10
https://github.com/UCL-EO/sampling,10
https://github.com/UCL-EO/siac_dev,10
https://github.com/UCL-EO/tudors,10
https://github.com/UCL-EO/UCL-EO.github.io,10
https://github.com/UCL-EO/uclgeog_msc_core,10
https://github.com/UCL-EO/uclgeog-jupyter-datascience-notebook,10
https://github.com/UCL-EO/uclgeog-test-dockerfile,10
https://github.com/UCL-EO/uclgeog,10
https://github.com/UCL-EO/Workshop2022,10
https://github.com/ucl-isd/.github,10
https://github.com/ucl-isd/check-dhcpfilter,10
https://github.com/ucl-isd/copy-ssh-keys,10
https://github.com/ucl-isd/dp-test-adf,10
https://github.com/ucl-isd/github,10
https://github.com/ucl-isd/moodle-block_alerts,10
https://github.com/ucl-isd/moodle-block_forumfeed,10
https://github.com/ucl-isd/moodle-block_lifecycle,10
https://github.com/ucl-isd/moodle-block_my_feedback,10
https://github.com/ucl-isd/moodle-block_news,10
https://github.com/ucl-isd/moodle-block_pickup,10
https://github.com/ucl-isd/moodle-empty,10
https://github.com/ucl-isd/moodle-local_assess_type,10
https://github.com/ucl-isd/moodle-local_confetti,10
https://github.com/ucl-isd/moodle-local_examguard,10
https://github.com/ucl-isd/moodle-local_sitsgradepush,10
https://github.com/ucl-isd/moodle-mod_coursework,10
https://github.com/ucl-isd/rapid7_client,10
https://github.com/UCL-MIRSG/.github,10
https://github.com/UCL-MIRSG/ansible-collection-infra,10
https://github.com/UCL-MIRSG/azure-mail,10
https://github.com/UCL-MIRSG/docs,10
https://github.com/UCL-MIRSG/drc-containers,10
https://github.com/UCL-MIRSG/genfi2-upload-assistant,10
https://github.com/UCL-MIRSG/mirsg-template,10
https://github.com/UCL-MIRSG/template_XNAT_plugin,10
https://github.com/UCL-MIRSG/xnat-aws,10
https://github.com/UCL-MIRSG/xnat-chart,10
https://github.com/UCL-VR/ConsensusBasedNetworking,10
https://github.com/UCL-VR/PoseSolver,10
https://github.com/UCL-VR/readyplayerme-core-ubiq-fork,10
https://github.com/UCL-VR/StreamSpace,10
https://github.com/UCL-VR/ubiq-avatars-readyplayerme,10
https://github.com/UCL-VR/ubiq-contraption,10
https://github.com/UCL-VR/ubiq-demo-2scalemaze,10
https://github.com/UCL-VR/ubiq-demo-transballer,10
https://github.com/UCL-VR/ubiq-genie,10
https://github.com/UCL-VR/ubiq-website,10
https://github.com/UCL-VR/ubiq,10
https://github.com/UCL-VR/unity-webrtc-ubiq-fork,10
https://github.com/UCL-VR/UnityDropboxUploader,10
https://github.com/UCL-VR/vrjam-CleanForSharing,10
https://github.com/UCL/2015-02-25,10
https://github.com/UCL/2015-06-18-ucl-swcarpentry,10
https://github.com/UCL/2022-03-07-ucl-online-hpcc,10
https://github.com/UCL/2022-09-19-UCL-DaSH,10
https://github.com/UCL/2022-09-29-ucl-cdt-online,10
https://github.com/UCL/2023-03-09-UCL-DasH,10
https://github.com/UCL/2023-06-05_UCL_SoDA_python_workshop,10
https://github.com/UCL/accord,10
https://github.com/UCL/ActiveDirectory-CertificateAuthority,10
https://github.com/UCL/ADMUR,10
https://github.com/UCL/ammir,10
https://github.com/UCL/AMOCStochasticBoxModel.jl,10
https://github.com/UCL/amr,10
https://github.com/UCL/ansible-fludetector2,10
https://github.com/UCL/artbin,10
https://github.com/UCL/artcat,10
https://github.com/UCL/AstroBalance,10
https://github.com/UCL/awesome-programming-learning-games,10
https://github.com/UCL/ba-ebdp-lightweight-template,10
https://github.com/UCL/ba-ebdp-python-notebooks,10
https://github.com/UCL/ba-ebdp-toolkit,10
https://github.com/UCL/Bayesian_opt_Pyro,10
https://github.com/UCL/BernabeuInterface2014,10
https://github.com/UCL/birkbeck_example,10
https://github.com/UCL/Blender_Randomiser,10
https://github.com/UCL/bluclobber-code,10
https://github.com/UCL/BrainAtlas,10
https://github.com/UCL/BRIT-docker-images,10
https://github.com/UCL/BSP-isobenefit-qgis-plugin,10
https://github.com/UCL/BSP-isobenefit-urbanism,10
https://github.com/UCL/calibr,10
https://github.com/UCL/carpentry-files,10
https://github.com/UCL/CATH-COVID19,10
https://github.com/UCL/cath-funfhmmer,10
https://github.com/UCL/cath-funsite-predictor,10
https://github.com/UCL/cath-gemma,10
https://github.com/UCL/cath-hmm-hmm,10
https://github.com/UCL/cathpy,10
https://github.com/UCL/causalprog,10
https://github.com/UCL/celegans-lifespan,10
https://github.com/UCL/CEPMRI-opt,10
https://github.com/UCL/cid-X,10
https://github.com/UCL/CloudProject,10
https://github.com/UCL/COMP0037_23-24,10
https://github.com/UCL/COMP0037_24-25,10
https://github.com/UCL/COMP0130_22-23_Topic_03,10
https://github.com/UCL/COMP0130_23-24,10
https://github.com/UCL/comp0130_test,10
https://github.com/UCL/COMP0249_24-25,10
https://github.com/UCL/COMPASS-AISurgicalSynthesis,10
https://github.com/UCL/covid-api-helidon,10
https://github.com/UCL/cpu-ex,10
https://github.com/UCL/DebbyPacker.jl,10
https://github.com/UCL/devboxes-vagrant,10
https://github.com/UCL/dfpi-blazepose,10
https://github.com/UCL/dfpi-cromulon-dimension,10
https://github.com/UCL/dfpi-vr,10
https://github.com/UCL/DFS-Resolver,10
https://github.com/UCL/dvc-example-pipeline,10
https://github.com/UCL/dxh,10
https://github.com/UCL/ECON-CLUSTER,10
https://github.com/UCL/econ-myriad,10
https://github.com/UCL/EIDP-4,10
https://github.com/UCL/EIDP,10
https://github.com/UCL/elastodynamics-uc,10
https://github.com/UCL/emul,10
https://github.com/UCL/FabNESO,10
https://github.com/UCL/fan-slicer,10
https://github.com/UCL/FASt-MAL-MOFF,10
https://github.com/UCL/fludetector-flask,10
https://github.com/UCL/fm-data-spec,10
https://github.com/UCL/frrant,10
https://github.com/UCL/GammaModel,10
https://github.com/UCL/GatherTownPosters,10
https://github.com/UCL/GERun,10
https://github.com/UCL/github-example,10
https://github.com/UCL/GMCMC,10
https://github.com/UCL/GreatCMakeCookOff,10
https://github.com/UCL/GREB-ISM,10
https://github.com/UCL/Grid-Engine-Prolog-Scripts,10
https://github.com/UCL/GSOC,10
https://github.com/UCL/hacking-the-climate-code,10
https://github.com/UCL/HHyeast-server,10
https://github.com/UCL/hiv-modelling,10
https://github.com/UCL/hiv-synthesis,10
https://github.com/UCL/hivpy,10
https://github.com/UCL/Holder,10
https://github.com/UCL/humidity,10
https://github.com/UCL/i_newspaper_rods,10
https://github.com/UCL/interface-uc-unfitted-iso,10
https://github.com/UCL/ipdmetan,10
https://github.com/UCL/isenseflu-api-flask,10
https://github.com/UCL/isenseflu-app-react,10
https://github.com/UCL/isenseflu-chart-embed,10
https://github.com/UCL/isenseflu-openapi,10
https://github.com/UCL/isenseflu-publish-javaee,10
https://github.com/UCL/isenseflu-static-mui,10
https://github.com/UCL/jenkins-job-monitor,10
https://github.com/UCL/jenkjobs,10
https://github.com/UCL/Kapta-Lite,10
https://github.com/UCL/kapta-mobile,10
https://github.com/UCL/kapta-web,10
https://github.com/UCL/kaska,10
https://github.com/UCL/LatBo.jl,10
https://github.com/UCL/latex-math-a11y,10
https://github.com/UCL/lattice-monitoring-framework,10
https://github.com/UCL/legion-logstash-configs,10
https://github.com/UCL/linearized-NSE-data-assimilation,10
https://github.com/UCL/linux,10
https://github.com/UCL/logging_modulecmd,10
https://github.com/UCL/MAL-Virtual-Museum,10
https://github.com/UCL/matlab-guides,10
https://github.com/UCL/maven-archetypes,10
https://github.com/UCL/medim,10
https://github.com/UCL/membranedivergence,10
https://github.com/UCL/Mesher,10
https://github.com/UCL/metafloat,10
https://github.com/UCL/metals_extraction,10
https://github.com/UCL/metamiss,10
https://github.com/UCL/metan,10
https://github.com/UCL/Methane_oxidation,10
https://github.com/UCL/MethodologySoftware-,10
https://github.com/UCL/moodle2portico,10
https://github.com/UCL/MoSpec,10
https://github.com/UCL/motionModelFromXCATDVFs,10
https://github.com/UCL/mphy0021-2019-data-clustering-sukrire,10
https://github.com/UCL/mphy0021-2019-data-clustering-yue1101,10
https://github.com/UCL/mphy0021-2019-travel-planner-sukrire,10
https://github.com/UCL/mphy0021-2019-travel-planner-SWang999,10
https://github.com/UCL/mphy0021-2019-travel-planner-yue1101,10
https://github.com/UCL/mphy0021-2019-travel-planner-zululwarrior,10
https://github.com/UCL/MPHY0026,10
https://github.com/UCL/Multi-objective-Bayesian-Optimization,10
https://github.com/UCL/mvmeta,10
https://github.com/UCL/myriad-stardist-pipeline,10
https://github.com/UCL/NeonatalSleepWake,10
https://github.com/UCL/neso-calibration,10
https://github.com/UCL/network,10
https://github.com/UCL/NextBrain-Case-1,10
https://github.com/UCL/NextBrain-Case-2,10
https://github.com/UCL/NextBrain-Case-3,10
https://github.com/UCL/NextBrain-Case-4,10
https://github.com/UCL/NextBrain-Case-5,10
https://github.com/UCL/NextBrain,10
https://github.com/UCL/Open_Docking_Lab_Handbook,10
https://github.com/UCL/open-source,10
https://github.com/UCL/openqcd-oneapi,10
https://github.com/UCL/opsview-gridengine-integration,10
https://github.com/UCL/p-medicine-authcli,10
https://github.com/UCL/packer-vm-templates,10
https://github.com/UCL/Pain.Impact.Measures,10
https://github.com/UCL/Peano,10
https://github.com/UCL/pet-rd-tools,10
https://github.com/UCL/petmr-RESOLUTE,10
https://github.com/UCL/PETPVC,10
https://github.com/UCL/PHAS0100LSAAssignment1,10
https://github.com/UCL/PHAS0100LSAAssignment2,10
https://github.com/UCL/pllf,10
https://github.com/UCL/PopChat-BE,10
https://github.com/UCL/PopChat-FE,10
https://github.com/UCL/Powershell-nLog,10
https://github.com/UCL/PP-SVGPFA,10
https://github.com/UCL/provis,10
https://github.com/UCL/PyBioPharma,10
https://github.com/UCL/pyCascadia,10
https://github.com/UCL/python-hiv-examples,10
https://github.com/UCL/qmr2024,10
https://github.com/UCL/RAP,10
https://github.com/UCL/RC-ApplicationForms,10
https://github.com/UCL/rc-cpp-classwork-2020-21,10
https://github.com/UCL/rc-cpp-vscode-dev-container,10
https://github.com/UCL/rctmiss,10
https://github.com/UCL/RefbasedMI,10
https://github.com/UCL/research-computing-with-cpp,10
https://github.com/UCL/reusable-workflows,10
https://github.com/UCL/rmcmc,10
https://github.com/UCL/rsd-cppcourse-example,10
https://github.com/UCL/rsd-cppcourse,10
https://github.com/UCL/rsd-engineeringcourse-examples,10
https://github.com/UCL/rsd-engineeringcourse,10
https://github.com/UCL/RudeOil.jl,10
https://github.com/UCL/samplesize-CRTs-baseline,10
https://github.com/UCL/SATS,10
https://github.com/UCL/scikit-surgerychallenge,10
https://github.com/UCL/scikit-surgerydocker,10
https://github.com/UCL/scikit-surgerygoicp,10
https://github.com/UCL/scikit-surgerypclcpp,10
https://github.com/UCL/scikit-surgerysurfacematch,10
https://github.com/UCL/SexesProceedings,10
https://github.com/UCL/sign-changing-repro,10
https://github.com/UCL/siman,10
https://github.com/UCL/simansuite,10
https://github.com/UCL/simcheck,10
https://github.com/UCL/simstock_qgis,10
https://github.com/UCL/simstock,10
https://github.com/UCL/simsum,10
https://github.com/UCL/SkullBaseNavigation,10
https://github.com/UCL/SLMS-Microsoft-Deployment-Toolkit,10
https://github.com/UCL/slmsit-puppet-demo,10
https://github.com/UCL/SmoothLifeExample,10
https://github.com/UCL/SODA,10
https://github.com/UCL/STIR-exercises,10
https://github.com/UCL/STIR-GATE-Connection,10
https://github.com/UCL/STIR-website,10
https://github.com/UCL/STIR,10
https://github.com/UCL/stokes-nc-ill-posed,10
https://github.com/UCL/strbee,10
https://github.com/UCL/streamlit-calendar-heatmap,10
https://github.com/UCL/subimagemoco,10
https://github.com/UCL/Supergrassi.jl,10
https://github.com/UCL/SuPReMo,10
https://github.com/UCL/SVAGP,10
https://github.com/UCL/Synthetic_Liver_IPCAI_2022,10
https://github.com/UCL/takeout-api-javaee,10
https://github.com/UCL/takeout-app-ios,10
https://github.com/UCL/takeout-app-macos,10
https://github.com/UCL/takeout-app-react,10
https://github.com/UCL/TDMS,10
https://github.com/UCL/terraform-azure-sirf,10
https://github.com/UCL/terraform-azure-stir,10
https://github.com/UCL/testhggit,10
https://github.com/UCL/TLOmodel-profiling,10
https://github.com/UCL/TLOmodel,10
https://github.com/UCL/TubularML,10
https://github.com/UCL/tus-rec-challenge_code,10
https://github.com/UCL/tus-rec-challenge,10
https://github.com/UCL/twitter-compliance,10
https://github.com/UCL/twitter-search-geo,10
https://github.com/UCL/twitter-user-fetch,10
https://github.com/UCL/ucl_software_carpentry,10
https://github.com/UCL/ucl-beamer,10
https://github.com/UCL/ucl-latex-thesis-templates,10
https://github.com/UCL/ucl-letter,10
https://github.com/UCL/ucl-rc-mwskin,10
https://github.com/UCL/ucl.github.io,10
https://github.com/UCL/uclad-linux-client-deployment,10
https://github.com/UCL/UKBiobank_PheWAS,10
https://github.com/UCL/UKCORDEX-plot-explorer-data,10
https://github.com/UCL/UKCORDEX-plot-explorer-dev,10
https://github.com/UCL/UKCORDEX-plot-explorer,10
https://github.com/UCL/UKPID-level3-app,10
https://github.com/UCL/WASP_control_interface,10
https://github.com/UCL/WEISS_Calibration_Study,10
https://github.com/UCL/wsclient-cloudstore-doc,10
https://github.com/UCL/wsclient-cloudstore-poc,10
https://github.com/UCL/wsclient-openshift-poc,10
https://github.com/UCL/WSI,10
https://github.com/uclapi/branding,10
https://github.com/uclapi/django-uclapi-oauth,10
https://github.com/uclapi/docker,10
https://github.com/uclapi/enghub,10
https://github.com/uclapi/External_Test_Suite,10
https://github.com/uclapi/fakeshibboleth,10
https://github.com/uclapi/hackathon-placeholder,10
https://github.com/uclapi/hackathon,10
https://github.com/uclapi/heatmap,10
https://github.com/uclapi/ideas,10
https://github.com/uclapi/nginx-build,10
https://github.com/uclapi/rbcalendar,10
https://github.com/uclapi/room-buddy,10
https://github.com/uclapi/society-visualisation,10
https://github.com/uclapi/ucl-assistant-app-flutter,10
https://github.com/uclapi/uclapi-frontend,10
https://github.com/uclapi/uclapi-js-sdk,10
https://github.com/uclapi/uclapi,10
https://github.com/uclapi/uclapi.github.io,10
https://github.com/uclapi/uclapyi,10
https://github.com/uclapi/UCLRoomFinder,10
https://github.com/uclapi/unofficial-apis-demo,10
https://github.com/uclapi/unofficial-apis,10
https://github.com/uclapi/uptime-checker,10
https://github.com/uclapi/webhook_demo_app,10
https://github.com/uclapi/wiki,10
https://github.com/uclchem/3D-PDR,10
https://github.com/uclchem/Chemulator,10
https://github.com/uclchem/HITS,10
https://github.com/uclchem/neuralpdr,10
https://github.com/uclchem/SpectralRadex,10
https://github.com/uclchem/uclchem-tools,10
https://github.com/uclchem/UCLCHEM,10
https://github.com/uclchem/uclchem.github.io,10
https://github.com/uclchem/uclpdr,10
https://github.com/uclh-criu/cogstack-streamlit-components,10
https://github.com/uclh-criu/crdm-tools,10
https://github.com/uclh-criu/dex-assets,10
https://github.com/uclh-criu/fhir-term-browser,10
https://github.com/uclh-criu/jupyterlab-docker,10
https://github.com/uclh-criu/keytrials-assets,10
https://github.com/uclh-criu/learning-datascience,10
https://github.com/uclh-criu/medical-qa-feedback-dashboard,10
https://github.com/uclh-criu/miade-datasets,10
https://github.com/uclh-criu/miade-llm,10
https://github.com/uclh-criu/miade-tutorials,10
https://github.com/uclh-criu/miade,10
https://github.com/uclh-criu/patient-clinical-timeline-extraction,10
https://github.com/uclh-criu/recruit-tests,10
https://github.com/uclh-criu/safeLLM,10
https://github.com/uclh-criu/streamlit-ui,10
https://github.com/uclh-criu/synthetic-llm-medical-text,10
https://github.com/uclnlp/ac-ing,10
https://github.com/uclnlp/acl2015tutorial,10
https://github.com/uclnlp/adversarial-nli,10
https://github.com/uclnlp/ai4exams,10
https://github.com/uclnlp/APE,10
https://github.com/uclnlp/bibtex,10
https://github.com/uclnlp/cqd,10
https://github.com/uclnlp/ctp,10
https://github.com/uclnlp/d4,10
https://github.com/uclnlp/egal,10
https://github.com/uclnlp/EMAT,10
https://github.com/uclnlp/emoji2vec,10
https://github.com/uclnlp/eqa-tools,10
https://github.com/uclnlp/fakenewschallenge,10
https://github.com/uclnlp/fever,10
https://github.com/uclnlp/gntp,10
https://github.com/uclnlp/HTML2Stanford,10
https://github.com/uclnlp/inferbeddings,10
https://github.com/uclnlp/jack,10
https://github.com/uclnlp/low-rank-logic,10
https://github.com/uclnlp/newshack,10
https://github.com/uclnlp/ntp,10
https://github.com/uclnlp/NumberMatrixCompletion,10
https://github.com/uclnlp/numerate-language-models,10
https://github.com/uclnlp/pycodesuggest,10
https://github.com/uclnlp/simpleNumericalFactChecker,10
https://github.com/uclnlp/skyline,10
https://github.com/uclnlp/softconf-start-sync,10
https://github.com/uclnlp/stat-nlp-book-scala,10
https://github.com/uclnlp/stat-nlp-book,10
https://github.com/uclnlp/stat-nlp-course,10
https://github.com/uclnlp/torch-imle,10
